Metric,ONESTEP_MEAN,ONESTEP_STD,TWOSTEP_MEAN,TWOSTEP_STD,MEAN_DIFF_%,STD_DIFF_%,POINTWISE_MEAN_%,POINTWISE_STD_%
Coverage,20.27038626609442,16.370963207199665,23.399141630901287,20.09632168298341,15.435104806267205,22.755890588926366,43.81111104114804,328.7740774133595
