Metric,ANCHORS_MEAN,ANCHORS_STD,TWOSTEP_MEAN,TWOSTEP_STD,MEAN_DIFF_%,STD_DIFF_%,POINTWISE_MEAN_%,POINTWISE_STD_%,ANCHORS_ERROR_RATE_MEAN%,ANCHORS_ERROR_RATE_STD%
Time,0.8120099458697186,0.6077362815145517,0.19636728056332353,0.02552462347169265,-75.81713357550065,-95.80004942142303,-56.78264436621894,31.978006842254672,,
Size,2.5471331389698735,1.0694830603088672,2.9057337220602526,0.5469734476367879,14.078595955742088,-48.85627758528296,39.26951733074181,69.22276892688893,,
Ranges_Sum,2.5894350505345,0.5221460703242873,2.325077027424718,0.285136503507102,-10.209100361687563,-45.39142977174694,-7.33468899170506,19.317798723348442,,
Coverage,125.72983479105928,89.54720833707749,33.33916423712342,31.560678313813714,-73.48348998268612,-64.75526272688296,-67.53651742975975,34.87677099370391,0.27597560156799594,1.315859662431766
