Metric,ANCHORS_MEAN,ANCHORS_STD,TWOSTEP_MEAN,TWOSTEP_STD,MEAN_DIFF_%,STD_DIFF_%,POINTWISE_MEAN_%,POINTWISE_STD_%,ANCHORS_ERROR_RATE%
Coverage,67.76470588235294,19.548693314304643,54.80748663101604,10.036582689277177,-19.12089646464647,-48.658549561811554,-8.362571551155083,46.969077508216444,0.4096024670003041
