Metric,ANCHORS_MEAN,ANCHORS_STD,TWOSTEP_MEAN,TWOSTEP_STD,MEAN_DIFF_%,STD_DIFF_%,POINTWISE_MEAN_%,POINTWISE_STD_%,ANCHORS_ERROR_RATE%
Coverage,48.10123456790124,19.07068394500216,1.0049382716049382,0.07009910897075747,-97.91078486730662,-99.63242477735504,-95.1619209108443,14.540684460011516,0.5042116169201959
