Metric,ANCHORS_MEAN,ANCHORS_STD,TWOSTEP_MEAN,TWOSTEP_STD,MEAN_DIFF_%,STD_DIFF_%,POINTWISE_MEAN_%,POINTWISE_STD_%,ANCHORS_ERROR_RATE%
Coverage,16.06413994169096,10.534213164770518,9.289601554907676,4.388307055245242,-42.171808832425896,-58.342336664298564,0.341246089457351,132.13697876893818,5.830228986870468
