Metric,ANCHORS_MEAN,ANCHORS_STD,TWOSTEP_MEAN,TWOSTEP_STD,MEAN_DIFF_%,STD_DIFF_%,POINTWISE_MEAN_%,POINTWISE_STD_%,ANCHORS_ERROR_RATE%
Coverage,35.63945578231292,20.824157079487613,1.2993197278911566,0.7134754069184704,-96.35426608131323,-96.57380894604727,-92.26620090600609,11.630241148826922,6.248130108713028
