Metric,ANCHORS_MEAN,ANCHORS_STD,TWOSTEP_MEAN,TWOSTEP_STD,MEAN_DIFF_%,STD_DIFF_%,POINTWISE_MEAN_%,POINTWISE_STD_%,ANCHORS_ERROR_RATE%
Coverage,12.582089552238806,6.678433218999581,1.0895522388059702,0.3105768962191763,-91.34045077105576,-95.34955451324106,-87.90345276906358,10.613796063665898,9.329850598185638
