Metric,ANCHORS_MEAN,ANCHORS_STD,TWOSTEP_MEAN,TWOSTEP_STD,MEAN_DIFF_%,STD_DIFF_%,POINTWISE_MEAN_%,POINTWISE_STD_%,ANCHORS_ERROR_RATE%
Coverage,22.56637168141593,15.324730493924207,12.495575221238939,8.63940744219801,-44.627450980392155,-43.62440862745825,-27.165094291070552,55.41983235854308,6.279776005018145
