Metric,ANCHORS_MEAN,ANCHORS_STD,TWOSTEP_MEAN,TWOSTEP_STD,MEAN_DIFF_%,STD_DIFF_%,POINTWISE_MEAN_%,POINTWISE_STD_%,ANCHORS_ERROR_RATE%
Coverage,38.21888412017167,20.441672167084857,21.051502145922747,9.46177808472982,-44.918585064570465,-53.71328721353257,28.80705549237591,361.92095141174036,0.9441509037318937
