Metric,ANCHORS_MEAN,ANCHORS_STD,TWOSTEP_MEAN,TWOSTEP_STD,MEAN_DIFF_%,STD_DIFF_%,POINTWISE_MEAN_%,POINTWISE_STD_%,ANCHORS_ERROR_RATE%
Coverage,32.75247524752475,23.010432104207098,22.155115511551156,18.95188536742602,-32.3559048770657,-17.637855379686837,-20.01789616835618,86.47246209820067,1.7435415500748654
