Metric,ANCHORS_MEAN,ANCHORS_STD,TWOSTEP_MEAN,TWOSTEP_STD,MEAN_DIFF_%,STD_DIFF_%,POINTWISE_MEAN_%,POINTWISE_STD_%,ANCHORS_ERROR_RATE%
Coverage,26.739583333333332,19.637024691008506,2.282986111111111,2.0878589444762117,-91.46214777301648,-89.36774293800114,-69.71413314933255,71.4406471697326,4.540429389496311
