Metric,ANCHORS_MEAN,ANCHORS_STD,TWOSTEP_MEAN,TWOSTEP_STD,MEAN_DIFF_%,STD_DIFF_%,POINTWISE_MEAN_%,POINTWISE_STD_%,ANCHORS_ERROR_RATE%
Coverage,32.37267080745342,24.17349811010417,1.5714285714285714,1.078959043508495,-95.1458173445894,-95.53660360368984,-82.24830273581732,40.66022769502693,3.528303947442891
