Metric,ANCHORS_MEAN,ANCHORS_STD,TWOSTEP_MEAN,TWOSTEP_STD,MEAN_DIFF_%,STD_DIFF_%,POINTWISE_MEAN_%,POINTWISE_STD_%,ANCHORS_ERROR_RATE_MEAN%,ANCHORS_ERROR_RATE_STD%
Time,0.054948331677551504,0.06717911318608875,0.03405073850874073,0.0066602030688481155,-38.031351509345726,-90.0859020713788,-15.317861939308074,37.47622897030348,,
Size,2.0434782608695654,1.053523081411975,4.0186335403726705,1.089030851215836,96.65653495440726,3.3703836612931233,127.07039337474119,101.07697775085197,,
Ranges_Sum,7.984408559006212,0.6637789582045395,6.181651953017455,0.5947224608277779,-22.578461418476554,-10.403538184390927,-21.822339632477455,11.979441179668529,,
Coverage,64.27329192546584,40.38833045558226,26.18633540372671,23.254253593121813,-59.25782759953614,-42.4233353277723,79.55194692486904,934.0317249406344,3.5610315277894684,6.097938199865781
