Metric,ANCHORS_MEAN,ANCHORS_STD,TWOSTEP_MEAN,TWOSTEP_STD,MEAN_DIFF_%,STD_DIFF_%,POINTWISE_MEAN_%,POINTWISE_STD_%,ANCHORS_ERROR_RATE_MEAN%,ANCHORS_ERROR_RATE_STD%
Time,0.8025007196967746,0.3301212512109387,0.14875811401438885,0.018744901226047075,-81.46317998685444,-94.321813225508,-77.18780053594293,11.763861668601638,,
Size,3.034090909090909,0.42055690809646484,26.193181818181817,4.658467253159597,763.2958801498125,1007.690104115723,780.7765151515151,206.56837464793793,,
Ranges_Sum,31.70094476893939,0.5748103826957977,17.54471850598691,2.0815105857590823,-44.65553429443138,262.12125744789546,-44.632389620136536,6.687838096495945,,
Coverage,16.46969696969697,21.157038872383975,1.0151515151515151,0.14999234752441915,-93.83624655013799,-99.29105226667517,-58.33468048237113,45.3707327516972,19.248498163084626,24.368214702583195
