Metric,ANCHORS_MEAN,ANCHORS_STD,TWOSTEP_MEAN,TWOSTEP_STD,MEAN_DIFF_%,STD_DIFF_%,POINTWISE_MEAN_%,POINTWISE_STD_%,ANCHORS_ERROR_RATE_MEAN%,ANCHORS_ERROR_RATE_STD%
Time,0.0329187000000153,0.02091801359656595,0.022852388630295033,0.0040415514595929704,-30.57931014807872,-80.67908579877555,0.9293406053451609,59.45664351878543,,
Size,2.4936831875607384,1.033552254648766,2.7259475218658893,0.46103487887526934,9.314107560405313,-55.39317177224448,39.85260770975058,82.6891354575769,,
Ranges_Sum,2.6496489397473275,0.48964022412583735,2.4772997261358016,0.13468914491635728,-6.504605611185656,-72.49222219093213,-2.738383130775425,22.189947047733487,,
Coverage,131.2964042759961,87.60899415497961,46.56754130223518,36.92045603376271,-64.53250828991,-57.85768756978226,-19.818911063337346,176.96190259383167,1.377626650574978,5.701518827998588
