Metric,ANCHORS_MEAN,ANCHORS_STD,TWOSTEP_MEAN,TWOSTEP_STD,MEAN_DIFF_%,STD_DIFF_%,POINTWISE_MEAN_%,POINTWISE_STD_%,ANCHORS_ERROR_RATE_MEAN%,ANCHORS_ERROR_RATE_STD%
Time,0.013654501782429279,0.004413763523721482,0.015477480570449067,0.003094018309224723,13.35075286573701,-29.90067790002512,17.493311191062844,29.976491976299496,,
Size,1.0071301247771836,0.13332094082934154,1.0445632798573976,0.23080853777866228,3.7168141592920505,73.1224939929808,4.233511586452763,23.433845519520553,,
Ranges_Sum,3.5008017593582887,0.18062127304611572,3.2945052591239437,0.10607048784847918,-5.892835824904295,-41.27464275960586,-5.625984866477009,5.996680923749532,,
Coverage,327.4884135472371,123.63972282422027,521.0249554367201,89.80340630312021,59.09721806434756,-27.36686539584488,103.01172698506106,139.43868177631197,23.625866338575744,2.982624456525455
