Metric,ANCHORS_MEAN,ANCHORS_STD,TWOSTEP_MEAN,TWOSTEP_STD,MEAN_DIFF_%,STD_DIFF_%,POINTWISE_MEAN_%,POINTWISE_STD_%,ANCHORS_ERROR_RATE_MEAN%,ANCHORS_ERROR_RATE_STD%
Time,0.2827670258503611,0.18596675887152495,0.07214032244697513,0.01931716755269894,-74.48771750170353,-89.61256964958764,-65.75510314402713,18.799865200935418,,
Size,2.197278911564626,0.5299140705891278,10.54421768707483,4.775548965867846,379.8761609907121,801.1930859957478,402.16553287981856,243.9294266616029,,
Ranges_Sum,21.018161714285714,0.5082996054215206,16.09355252137396,2.9988065164038282,-23.430256460366717,489.9682951587165,-23.36514562715564,14.53113535357646,,
Coverage,40.54421768707483,23.562980099951442,2.2108843537414966,2.4694908244826856,-94.5469798657718,-89.5196158804727,-90.4925738331812,19.365609606775077,7.663555847027783,7.422089341339744
