Metric,ANCHORS_MEAN,ANCHORS_STD,TWOSTEP_MEAN,TWOSTEP_STD,MEAN_DIFF_%,STD_DIFF_%,POINTWISE_MEAN_%,POINTWISE_STD_%,ANCHORS_ERROR_RATE_MEAN%,ANCHORS_ERROR_RATE_STD%
Time,0.03922027755773041,0.037144494234862345,0.023366396699412657,0.00595887486221321,-40.42266359533428,-83.95758244940525,8.245149517085865,65.27149868346268,,
Size,2.3168316831683167,1.4686876547159333,2.504950495049505,1.1685405614499995,8.119658119658126,-20.43641425746081,59.169416941694166,118.03891033273165,,
Ranges_Sum,3.705213429042904,0.8056443473908891,3.5345946214875563,0.622437050244139,-4.604830755982127,-22.740468264945214,1.1633979900839897,32.83912459642458,,
Coverage,66.23762376237623,56.74442997887477,37.805280528052805,27.68800192617514,-42.92476332835077,-51.20578013298744,83.99677549087424,478.544398003667,22.997072332819045,26.641805458585367
