Metric,ANCHORS_MEAN,ANCHORS_STD,TWOSTEP_MEAN,TWOSTEP_STD,MEAN_DIFF_%,STD_DIFF_%,POINTWISE_MEAN_%,POINTWISE_STD_%,ANCHORS_ERROR_RATE_MEAN%,ANCHORS_ERROR_RATE_STD%
Time,1.3173410756439712,0.2005629371935565,0.1357840798594563,0.016178743961619522,-89.69256463873037,-91.93333315317078,-89.45405003820699,2.0514631987188316,,
Size,2.117096018735363,0.3560951345901304,23.229508196721312,3.296264366600922,997.2345132743362,825.6695883797906,1019.3403590944575,207.52146433651305,,
Ranges_Sum,28.67482358782201,0.433892985737708,14.87906611150602,4.067845110806991,-48.11104568460169,837.522671377324,-48.101972781608794,14.202917412646027,,
Coverage,102.1311475409836,35.024870913736414,1.0608899297423888,0.4002834529248932,-98.96124742031644,-98.85714510151725,-98.76349628206655,0.9508942550936202,1.2527950113375674,2.3288722722623096
