Metric,ONESTEP_MEAN,ONESTEP_STD,TWOSTEP_MEAN,TWOSTEP_STD,MEAN_DIFF_%,STD_DIFF_%,POINTWISE_MEAN_%,POINTWISE_STD_%
Time,0.33593747329389134,0.06591911557538167,0.5226443416152659,0.11702710701313802,55.577862895347785,77.53136702708323,56.919329683526094,29.127793440673926
Size,6.658385093167702,1.0282082954869702,6.658385093167702,1.0282082954869702,0.0,0.0,0.0,0.0
Ranges_Sum,3.6817846101410985,0.7801437400851841,3.719002581493816,0.7798063707928322,1.0108676985124099,-0.04324450418778003,1.146823442895459,4.229540625822767
Coverage,1.4596273291925466,1.427301623073508,2.515527950310559,2.343500567015906,72.3404255319149,64.19098312026598,93.31632653061226,172.8668625028503
